"0","names(top_features)"
"1"," [1]"
"1"," ""SO.LI.Worked.Hours""   "
"1"," ""Actual.SMV""           "
"1","
"
"1"," [3]"
"1"," ""Actual.Standard.Hours"""
"1"," ""Total""                "
"1","
"
"1"," [5]"
"1"," ""Actual.Date""          "
"1"," ""Style.Code""           "
"1","
"
"1"," [7]"
"1"," ""Actual.Worked.Hours""  "
"1"," ""Actual.Module""        "
"1","
"
"1"," [9]"
"1"," ""Plan.Efficiency""      "
"1"," ""PE""                   "
"1","
"
"1","[11]"
"1"," ""Description""          "
"1"," ""SO""                   "
"1","
"
"1","[13]"
"1"," ""Customer.Dept""        "
"1"," ""Material""             "
"1","
"
"1","[15]"
"1"," ""FG.Reference""         "
"1"," ""Actual.Section""       "
"1","
"
"1","[17]"
"1"," ""Customer.No""          "
"1"," ""Order.Qty""            "
"1","
"
"1","[19]"
"1"," ""Plan.SMV""             "
"1"," ""Actual.Efficiency""    "
"1","
"
